Date,Cash,Shares,Portfolio Value,Portfolio Return
2020-01-01,100000.0,0.0,100000.0,0.0
2020-01-02,100000.0,0.0,100000.0,0.0
2020-01-03,100000.0,0.0,100000.0,0.0
2020-01-06,100000.0,0.0,100000.0,0.0
2020-01-07,100000.0,0.0,100000.0,0.0
2020-01-08,100000.0,0.0,100000.0,0.0
2020-01-09,100000.0,0.0,100000.0,0.0
2020-01-10,100000.0,0.0,100000.0,0.0
2020-01-13,100000.0,0.0,100000.0,0.0
2020-01-14,100000.0,0.0,100000.0,0.0
2020-01-15,100000.0,0.0,100000.0,0.0
2020-01-16,100000.0,0.0,100000.0,0.0
2020-01-17,100000.0,0.0,100000.0,0.0
2020-01-20,100000.0,0.0,100000.0,0.0
2020-01-21,100000.0,0.0,100000.0,0.0
2020-01-22,100000.0,0.0,100000.0,0.0
2020-01-23,100000.0,0.0,100000.0,0.0
2020-01-24,100000.0,0.0,100000.0,0.0
2020-01-27,100000.0,0.0,100000.0,0.0
2020-01-28,100000.0,0.0,100000.0,0.0
2020-01-29,100000.0,0.0,100000.0,0.0
2020-01-30,100000.0,0.0,100000.0,0.0
2020-01-31,100000.0,0.0,100000.0,0.0
2020-02-03,100000.0,0.0,100000.0,0.0
2020-02-04,100000.0,0.0,100000.0,0.0
2020-02-05,100000.0,0.0,100000.0,0.0
2020-02-06,100000.0,0.0,100000.0,0.0
2020-02-07,100000.0,0.0,100000.0,0.0
2020-02-10,100000.0,0.0,100000.0,0.0
2020-02-11,100000.0,0.0,100000.0,0.0
2020-02-12,100000.0,0.0,100000.0,0.0
2020-02-13,100000.0,0.0,100000.0,0.0
2020-02-14,100000.0,0.0,100000.0,0.0
2020-02-17,100000.0,0.0,100000.0,0.0
2020-02-18,100000.0,0.0,100000.0,0.0
2020-02-19,100000.0,0.0,100000.0,0.0
2020-02-20,100000.0,0.0,100000.0,0.0
2020-02-24,100000.0,0.0,100000.0,0.0
2020-02-25,100000.0,0.0,100000.0,0.0
2020-02-26,100000.0,0.0,100000.0,0.0
2020-02-27,100000.0,0.0,100000.0,0.0
2020-02-28,100000.0,0.0,100000.0,0.0
2020-03-02,100000.0,0.0,100000.0,0.0
2020-03-03,100000.0,0.0,100000.0,0.0
2020-03-04,100000.0,0.0,100000.0,0.0
2020-03-05,100000.0,0.0,100000.0,0.0
2020-03-06,100000.0,0.0,100000.0,0.0
2020-03-09,100000.0,0.0,100000.0,0.0
2020-03-11,100000.0,0.0,100000.0,0.0
2020-03-12,100000.0,0.0,100000.0,0.0
2020-03-13,100000.0,0.0,100000.0,0.0
2020-03-16,100000.0,0.0,100000.0,0.0
2020-03-17,100000.0,0.0,100000.0,0.0
2020-03-18,100000.0,0.0,100000.0,0.0
2020-03-19,100000.0,0.0,100000.0,0.0
2020-03-20,100000.0,0.0,100000.0,0.0
2020-03-23,100000.0,0.0,100000.0,0.0
2020-03-24,100000.0,0.0,100000.0,0.0
2020-03-25,100000.0,0.0,100000.0,0.0
2020-03-26,100000.0,0.0,100000.0,0.0
2020-03-27,100000.0,0.0,100000.0,0.0
2020-03-30,100000.0,0.0,100000.0,0.0
2020-03-31,100000.0,0.0,100000.0,0.0
2020-04-01,100000.0,0.0,100000.0,0.0
2020-04-03,100000.0,0.0,100000.0,0.0
2020-04-07,100000.0,0.0,100000.0,0.0
2020-04-08,100000.0,0.0,100000.0,0.0
2020-04-09,100000.0,0.0,100000.0,0.0
2020-04-13,100000.0,0.0,100000.0,0.0
2020-04-15,100000.0,0.0,100000.0,0.0
2020-04-16,100000.0,0.0,100000.0,0.0
2020-04-17,100000.0,0.0,100000.0,0.0
2020-04-20,100000.0,0.0,100000.0,0.0
2020-04-21,100000.0,0.0,100000.0,0.0
2020-04-22,100000.0,0.0,100000.0,0.0
2020-04-23,100000.0,0.0,100000.0,0.0
2020-04-24,100000.0,0.0,100000.0,0.0
2020-04-27,100000.0,0.0,100000.0,0.0
2020-04-28,100000.0,0.0,100000.0,0.0
2020-04-29,100000.0,0.0,100000.0,0.0
2020-04-30,625.309437635995,152.0,99851.11168372974,-0.00148888316270257
2020-05-04,625.309437635995,152.0,97766.4276016985,-0.020877925612228676
2020-05-05,625.309437635995,152.0,99489.0076798235,0.017619341530436206
2020-05-06,625.309437635995,152.0,99495.7615860735,6.788595451401314e-05
2020-05-07,625.309437635995,152.0,102622.79234779224,0.03142878361721535
2020-05-08,625.309437635995,152.0,106335.3162735735,0.03617640721760296
2020-05-11,625.309437635995,152.0,107350.5916641985,0.009547866374074232
2020-05-12,625.309437635995,152.0,100747.93394935474,-0.06150555495304033
2020-05-13,625.309437635995,152.0,102872.22301185474,0.02108518735052045
2020-05-14,625.309437635995,152.0,98738.46129310474,-0.04018345864144135
2020-05-15,625.309437635995,152.0,100340.723500136,0.016227336197542463
2020-05-18,625.309437635995,152.0,99066.4432266985,-0.012699532442934536
2020-05-19,625.309437635995,152.0,96890.2381485735,-0.021967126377446355
2020-05-20,625.309437635995,152.0,98584.73570716724,0.017488836759750548
2020-05-21,625.309437635995,152.0,99100.602406386,0.005232723864585509
2020-05-22,625.309437635995,152.0,98437.8475235735,-0.006687697821398886
2020-05-26,625.309437635995,152.0,97925.37633216724,-0.005206038168231286
2020-05-27,625.309437635995,152.0,99394.397328261,0.015001433245564133
2020-05-28,625.309437635995,152.0,101218.70348060474,0.018354215140706343
2020-05-29,625.309437635995,152.0,100682.34312904224,-0.005299024124185481
2020-06-01,625.309437635995,152.0,104505.22105872974,0.03796969568723485
2020-06-02,625.309437635995,152.0,105554.00621497974,0.010035720183402264
2020-06-03,625.309437635995,152.0,105960.567250136,0.0038516873943013064
2020-06-04,625.309437635995,152.0,108567.21324622974,0.02460015139349303
2020-06-05,625.309437635995,152.0,108697.0311173235,0.0011957373429059004
2020-06-08,625.309437635995,152.0,107863.45250404224,-0.0076688259533189695
2020-06-09,625.309437635995,152.0,105653.08824622974,-0.020492244652837055
2020-06-10,625.309437635995,152.0,108044.50914466724,0.02263465212549365
2020-06-11,625.309437635995,152.0,105690.68004310474,-0.02178573552877927
2020-06-12,625.309437635995,152.0,109182.143422011,0.033034732840041325
2020-06-15,625.309437635995,152.0,110941.54527747974,0.016114373654199987
2020-06-16,625.309437635995,152.0,111156.77965247974,0.0019400701014364863
2020-06-17,625.309437635995,152.0,110996.2166641985,-0.001444473191677842
2020-06-18,625.309437635995,152.0,113766.84898841724,0.02496150236003869
2020-06-19,625.309437635995,152.0,120838.6248673235,0.06216025091480071
2020-06-22,625.309437635995,152.0,119933.3045548235,-0.007491977945743855
2020-06-23,625.309437635995,152.0,118208.0526016985,-0.014385094778542995
2020-06-24,625.309437635995,152.0,118682.91344154224,0.004017161516430612
2020-06-25,625.309437635995,152.0,118003.0604141985,-0.005728314275657009
2020-06-26,625.309437635995,152.0,119625.8162735735,0.013751811636740774
2020-06-29,625.309437635995,152.0,118361.78746497974,-0.010566521909476712
2020-06-30,625.309437635995,152.0,117060.17613685474,-0.010996888066683752
2020-07-01,625.309437635995,152.0,119349.10094154224,0.019553403046408624
2020-07-02,625.309437635995,152.0,121392.97398841724,0.017125165005441367
2020-07-03,625.309437635995,152.0,123283.02867591724,0.015569720597506276
2020-07-06,625.309437635995,152.0,127666.85191810474,0.03555901642967885
2020-07-07,625.309437635995,152.0,125721.91246497974,-0.01523449058156956
2020-07-08,625.309437635995,152.0,123975.93492591724,-0.013887615172485157
2020-07-09,625.309437635995,152.0,125776.79723060474,0.014525902190321238
2020-07-10,625.309437635995,152.0,129467.723500136,0.029345048934297013
2020-07-13,625.309437635995,152.0,133374.7283829485,0.03017744328228944
2020-07-14,625.309437635995,152.0,132139.84898841724,-0.009258720969880008
2020-07-15,625.309437635995,152.0,127131.73473060474,-0.03790010580571712
2020-07-16,625.309437635995,152.0,127090.58043372974,-0.00032371379940820955
2020-07-17,625.309437635995,152.0,131776.25133216724,0.03686875048053473
2020-07-20,625.309437635995,152.0,132338.801625136,0.0042689808465619095
2020-07-21,625.309437635995,152.0,135882.227406386,0.026775410822346357
2020-07-22,625.309437635995,152.0,138108.42808997974,0.016383310209773017
2020-07-23,625.309437635995,152.0,141799.34508216724,0.02672477735958889
2020-07-24,625.309437635995,152.0,147860.539906386,0.04274487178136477
2020-07-27,625.309437635995,152.0,148550.01353919852,0.004662999561945602
2020-07-28,625.309437635995,152.0,150024.99986732347,0.009929223787890962
2020-07-29,625.309437635995,152.0,144464.623890761,-0.03706299604385843
2020-07-30,625.309437635995,152.0,145301.60728919852,0.00579369104972316
2020-07-31,625.309437635995,152.0,142437.35728919852,-0.019712445398482048
2020-08-03,625.309437635995,152.0,138451.457875136,-0.027983525459333913
2020-08-04,625.309437635995,152.0,148165.838734511,0.07016452559232733
2020-08-05,625.309437635995,152.0,146509.03502357347,-0.01118208977918489
2020-08-06,625.309437635995,152.0,147033.86363685474,0.0035822269472789436
2020-08-07,625.309437635995,152.0,147881.10777747974,0.005762238165199385
2020-08-10,625.309437635995,152.0,146056.25426185474,-0.012340004366013457
2020-08-11,625.309437635995,152.0,147013.28648841724,0.006552490555089108
2020-08-12,625.309437635995,152.0,146587.92955482347,-0.0028933230713625857
2020-08-13,625.309437635995,152.0,146207.17808997974,-0.002597427127868146
2020-08-14,625.309437635995,152.0,145641.19517982347,-0.0038711020727584255
2020-08-17,625.309437635995,152.0,144101.03551185474,-0.01057502766347862
2020-08-18,625.309437635995,152.0,145967.071156386,0.012949495039386694
2020-08-19,625.309437635995,152.0,146858.91148841724,0.0061098734458797654
2020-08-20,625.309437635995,152.0,144492.05699622974,-0.0161165193735906
2020-08-21,625.309437635995,152.0,143449.274281386,-0.007216886080256724
2020-08-24,625.309437635995,152.0,144402.89244544852,0.006647772662773832
2020-08-25,625.309437635995,152.0,143466.42808997974,-0.006485080316674052
2020-08-26,625.309437635995,152.0,147253.393422011,0.02639617771522218
2020-08-27,625.309437635995,152.0,145421.66539466724,-0.012439292465703855
2020-08-28,625.309437635995,152.0,145802.416859511,0.002618258179140076
2020-08-31,625.309437635995,152.0,143370.379750136,-0.016680362107566515
2020-09-01,625.309437635995,152.0,143819.76500404224,0.0031344358206306655
2020-09-02,625.309437635995,152.0,146629.09312904224,0.019533672057669094
2020-09-03,625.309437635995,152.0,145524.56041419852,-0.007532834659706111
2020-09-04,625.309437635995,152.0,143133.70543372974,-0.016429219739017342
2020-09-07,625.309437635995,152.0,143504.159047011,0.0025881647663539287
2020-09-08,625.309437635995,152.0,145181.53062904224,0.01168866180026007
2020-09-09,625.309437635995,152.0,148903.32262122974,0.0256354370701406
2020-09-10,625.309437635995,152.0,159375.764515761,0.07033047826051764
2020-09-11,625.309437635995,152.0,159770.237172011,0.002475110676008585
2020-09-14,625.309437635995,152.0,158590.270375136,-0.0073853980425943044
2020-09-15,625.309437635995,152.0,159708.5057266985,0.007051096822758396
2020-09-16,625.309437635995,152.0,160099.5272110735,0.00244834476783673
2020-09-17,625.309437635995,152.0,158329.577015761,-0.011055311818497837
2020-09-18,625.309437635995,152.0,158806.358265761,0.0030113214409239752
2020-09-21,625.309437635995,152.0,155386.45103919852,-0.021535077461062868
2020-09-22,625.309437635995,152.0,152319.825062636,-0.019735478582936006
2020-09-23,625.309437635995,152.0,153667.88805091724,0.008850213606317547
2020-09-24,625.309437635995,152.0,150265.12535560474,-0.02214361594001346
2020-09-25,625.309437635995,152.0,151671.524281386,0.00935944998849858
2020-09-28,625.309437635995,152.0,152669.70152747974,0.006581177652318582
2020-09-29,625.309437635995,152.0,154645.51598060474,0.012941758799268843
2020-09-30,625.309437635995,152.0,153911.45543372974,-0.004746730237991881
2020-10-01,625.309437635995,152.0,153287.155140761,-0.004056230195533139
2020-10-05,625.309437635995,152.0,152391.84508216724,-0.005840737651968353
2020-10-06,625.309437635995,152.0,152264.940297011,-0.0008327531246034026
2020-10-07,625.309437635995,152.0,155499.66246497974,0.021244037935844284
2020-10-08,625.309437635995,152.0,154247.619984511,-0.00805173760908151
2020-10-09,625.309437635995,152.0,153849.70543372974,-0.0025797127425447597
2020-10-12,625.309437635995,152.0,154096.659047011,0.001605161430664026
2020-10-13,625.309437635995,152.0,157091.274281386,0.019433356004567415
2020-10-14,625.309437635995,152.0,157557.7576798235,0.0029695054710798807
2020-10-15,625.309437635995,152.0,152000.82359779224,-0.03526918740062046
2020-10-16,625.309437635995,152.0,149894.66246497974,-0.01385624816340203
2020-10-19,625.309437635995,152.0,149922.09557044852,0.00018301589274516417
2020-10-20,625.309437635995,152.0,148529.436390761,-0.009289219006634819
2020-10-21,625.309437635995,152.0,146382.12096107347,-0.01445717079298836
2020-10-22,625.309437635995,152.0,145171.23277747974,-0.008272104377526568
2020-10-23,625.309437635995,152.0,145589.743031386,0.0028828731829242393
2020-10-26,625.309437635995,152.0,139830.39586341724,-0.03955874258756786
2020-10-27,625.309437635995,152.0,140200.87730872974,0.0026495058032616203
2020-10-28,138412.62243328887,0.0,138412.62243328887,-0.012754947827487872
2020-10-29,138412.62243328887,0.0,138412.62243328887,0.0
2020-10-30,138412.62243328887,0.0,138412.62243328887,0.0
2020-11-02,138412.62243328887,0.0,138412.62243328887,0.0
2020-11-03,138412.62243328887,0.0,138412.62243328887,0.0
2020-11-04,138412.62243328887,0.0,138412.62243328887,0.0
2020-11-05,138412.62243328887,0.0,138412.62243328887,0.0
2020-11-06,138412.62243328887,0.0,138412.62243328887,0.0
2020-11-09,138412.62243328887,0.0,138412.62243328887,0.0
2020-11-10,138412.62243328887,0.0,138412.62243328887,0.0
2020-11-11,138412.62243328887,0.0,138412.62243328887,0.0
2020-11-12,138412.62243328887,0.0,138412.62243328887,0.0
2020-11-13,138412.62243328887,0.0,138412.62243328887,0.0
2020-11-14,138412.62243328887,0.0,138412.62243328887,0.0
2020-11-17,138412.62243328887,0.0,138412.62243328887,0.0
2020-11-18,138412.62243328887,0.0,138412.62243328887,0.0
2020-11-19,138412.62243328887,0.0,138412.62243328887,0.0
2020-11-20,138412.62243328887,0.0,138412.62243328887,0.0
2020-11-23,138412.62243328887,0.0,138412.62243328887,0.0
2020-11-24,138412.62243328887,0.0,138412.62243328887,0.0
2020-11-25,138412.62243328887,0.0,138412.62243328887,0.0
2020-11-26,138412.62243328887,0.0,138412.62243328887,0.0
2020-11-27,138412.62243328887,0.0,138412.62243328887,0.0
2020-12-01,138412.62243328887,0.0,138412.62243328887,0.0
2020-12-02,138412.62243328887,0.0,138412.62243328887,0.0
2020-12-03,138412.62243328887,0.0,138412.62243328887,0.0
2020-12-04,138412.62243328887,0.0,138412.62243328887,0.0
2020-12-07,138412.62243328887,0.0,138412.62243328887,0.0
2020-12-08,138412.62243328887,0.0,138412.62243328887,0.0
2020-12-09,138412.62243328887,0.0,138412.62243328887,0.0
2020-12-10,138412.62243328887,0.0,138412.62243328887,0.0
2020-12-11,138412.62243328887,0.0,138412.62243328887,0.0
2020-12-14,138412.62243328887,0.0,138412.62243328887,0.0
2020-12-15,138412.62243328887,0.0,138412.62243328887,0.0
2020-12-16,138412.62243328887,0.0,138412.62243328887,0.0
2020-12-17,138412.62243328887,0.0,138412.62243328887,0.0
2020-12-18,138412.62243328887,0.0,138412.62243328887,0.0
2020-12-21,138412.62243328887,0.0,138412.62243328887,0.0
2020-12-22,138412.62243328887,0.0,138412.62243328887,0.0
2020-12-23,138412.62243328887,0.0,138412.62243328887,0.0
2020-12-24,138412.62243328887,0.0,138412.62243328887,0.0
2020-12-28,138412.62243328887,0.0,138412.62243328887,0.0
2020-12-29,138412.62243328887,0.0,138412.62243328887,0.0
2020-12-30,138412.62243328887,0.0,138412.62243328887,0.0
2020-12-31,138412.62243328887,0.0,138412.62243328887,0.0
2021-01-01,138412.62243328887,0.0,138412.62243328887,0.0
2021-01-04,726.7948334116663,153.0,138206.33438419292,-0.0014903846590680336
2021-01-05,726.7948334116663,153.0,136497.19626163432,-0.012366568653846555
2021-01-06,726.7948334116663,153.0,132916.65634464214,-0.026231600465471128
2021-01-07,726.7948334116663,153.0,132702.60202335307,-0.0016104401598400209
2021-01-08,134059.55332402835,0.0,134059.55332402835,0.01022550635771613
2021-01-11,134059.55332402835,0.0,134059.55332402835,0.0
2021-01-12,134059.55332402835,0.0,134059.55332402835,0.0
2021-01-13,134059.55332402835,0.0,134059.55332402835,0.0
2021-01-14,134059.55332402835,0.0,134059.55332402835,0.0
2021-01-15,134059.55332402835,0.0,134059.55332402835,0.0
2021-01-18,134059.55332402835,0.0,134059.55332402835,0.0
2021-01-19,134059.55332402835,0.0,134059.55332402835,0.0
2021-01-20,134059.55332402835,0.0,134059.55332402835,0.0
2021-01-21,254.18666571661015,141.0,133859.07918280645,-0.0014954110785178054
2021-01-22,254.18666571661015,141.0,130689.84944647833,-0.023675866856965433
2021-01-25,254.18666571661015,141.0,123778.57747382208,-0.052883005083624646
2021-01-27,120670.322759765,0.0,120670.322759765,-0.025111410855521044
2021-01-28,120670.322759765,0.0,120670.322759765,0.0
2021-01-29,120670.322759765,0.0,120670.322759765,0.0
2021-02-01,120670.322759765,0.0,120670.322759765,0.0
2021-02-02,120670.322759765,0.0,120670.322759765,0.0
2021-02-03,120670.322759765,0.0,120670.322759765,0.0
2021-02-04,120670.322759765,0.0,120670.322759765,0.0
2021-02-05,120670.322759765,0.0,120670.322759765,0.0
2021-02-08,120670.322759765,0.0,120670.322759765,0.0
2021-02-09,120670.322759765,0.0,120670.322759765,0.0
2021-02-10,120670.322759765,0.0,120670.322759765,0.0
2021-02-11,120670.322759765,0.0,120670.322759765,0.0
2021-02-12,120670.322759765,0.0,120670.322759765,0.0
2021-02-15,310.2380324973492,131.0,120489.99303738018,-0.0014943999341398007
2021-02-16,310.2380324973492,131.0,122080.47088161844,0.013200082464481788
2021-02-17,310.2380324973492,131.0,123484.73107448952,0.011502742270979471
2021-02-18,310.2380324973492,131.0,122565.32439724344,-0.007445509005412743
2021-02-19,123125.86833786019,0.0,123125.86833786019,0.0045734300739088685
2021-02-22,123125.86833786019,0.0,123125.86833786019,0.0
2021-02-23,563.6640904671222,134.0,122942.23928577962,-0.00149139295064038
2021-02-24,563.6640904671222,134.0,125213.26284534993,0.018472280745523983
2021-02-25,563.6640904671222,134.0,130254.26858265462,0.04025935929431701
2021-02-26,563.6640904671222,134.0,126713.16482288898,-0.02718608609374351
2021-03-01,563.6640904671222,134.0,127674.80129749837,0.007589081023692268
2021-03-02,563.6640904671222,134.0,127934.86794788898,0.0020369458009543706
2021-03-03,563.6640904671222,134.0,133747.01980335778,0.04543055344252389
2021-03-04,563.6640904671222,134.0,132159.40932972493,-0.011870249340636074
2021-03-05,563.6640904671222,134.0,132331.7674840218,0.001304168618572188
2021-03-08,563.6640904671222,134.0,133081.74709827962,0.005667419309187238
2021-03-09,563.6640904671222,134.0,133078.69643909993,-2.292319755492489e-05
2021-03-10,563.6640904671222,134.0,132528.32644398278,-0.004135673175676313
2021-03-12,563.6640904671222,134.0,129846.05276234212,-0.020239248118585462
2021-03-15,563.6640904671222,134.0,128110.25222523276,-0.013368142505543856
2021-03-16,563.6640904671222,134.0,127608.27566273276,-0.003918316869890082
2021-03-17,563.6640904671222,134.0,124871.55630238118,-0.021446252965479307
2021-03-18,563.6640904671222,134.0,122074.34719593587,-0.022400690671875334
2021-03-19,563.6640904671222,134.0,126483.34304554526,0.036117300242717754
2021-03-22,563.6640904671222,134.0,125297.93703968587,-0.009372032532635854
2021-03-23,563.6640904671222,134.0,126815.97939808431,0.012115461708819941
2021-03-24,563.6640904671222,134.0,124384.68581898276,-0.01917182354023028
2021-03-25,563.6640904671222,134.0,121006.86184437337,-0.02715626889571554
2021-03-26,563.6640904671222,134.0,121200.39468128743,0.001599354234662842
2021-03-30,563.6640904671222,134.0,123296.03396351398,0.017290696847459097
2021-03-31,563.6640904671222,134.0,121711.45779163898,-0.012851801643059435
2021-04-01,563.6640904671222,134.0,122845.46059925618,0.009317140951170977
2021-04-05,563.6640904671222,134.0,121076.42178089681,-0.014400522491671786
2021-04-06,563.6640904671222,134.0,120574.42886097493,-0.004146083213710239
2021-04-07,563.6640904671222,134.0,121696.33535511556,0.009304680144363031
2021-04-08,563.6640904671222,134.0,121847.54336292806,0.0012425025566404901
2021-04-09,563.6640904671222,134.0,120438.35964710775,-0.011565138507741546
2021-04-12,115976.99656488576,0.0,115976.99656488576,-0.037042708778947775
2021-04-13,115976.99656488576,0.0,115976.99656488576,0.0
2021-04-15,115976.99656488576,0.0,115976.99656488576,0.0
2021-04-16,115976.99656488576,0.0,115976.99656488576,0.0
2021-04-19,115976.99656488576,0.0,115976.99656488576,0.0
2021-04-20,115976.99656488576,0.0,115976.99656488576,0.0
2021-04-22,115976.99656488576,0.0,115976.99656488576,0.0
2021-04-23,115976.99656488576,0.0,115976.99656488576,0.0
2021-04-26,115976.99656488576,0.0,115976.99656488576,0.0
2021-04-27,115976.99656488576,0.0,115976.99656488576,0.0
2021-04-28,115976.99656488576,0.0,115976.99656488576,0.0
2021-04-29,115976.99656488576,0.0,115976.99656488576,0.0
2021-04-30,115976.99656488576,0.0,115976.99656488576,0.0
2021-05-03,115976.99656488576,0.0,115976.99656488576,0.0
2021-05-04,115976.99656488576,0.0,115976.99656488576,0.0
2021-05-05,115976.99656488576,0.0,115976.99656488576,0.0
2021-05-06,115976.99656488576,0.0,115976.99656488576,0.0
2021-05-07,115976.99656488576,0.0,115976.99656488576,0.0
2021-05-10,115976.99656488576,0.0,115976.99656488576,0.0
2021-05-11,115976.99656488576,0.0,115976.99656488576,0.0
2021-05-12,115976.99656488576,0.0,115976.99656488576,0.0
2021-05-14,115976.99656488576,0.0,115976.99656488576,0.0
2021-05-17,115976.99656488576,0.0,115976.99656488576,0.0
2021-05-18,115976.99656488576,0.0,115976.99656488576,0.0
2021-05-19,115976.99656488576,0.0,115976.99656488576,0.0
2021-05-20,115976.99656488576,0.0,115976.99656488576,0.0
2021-05-21,115976.99656488576,0.0,115976.99656488576,0.0
2021-05-24,115976.99656488576,0.0,115976.99656488576,0.0
2021-05-25,115976.99656488576,0.0,115976.99656488576,0.0
2021-05-26,115976.99656488576,0.0,115976.99656488576,0.0
2021-05-27,115976.99656488576,0.0,115976.99656488576,0.0
2021-05-28,115976.99656488576,0.0,115976.99656488576,0.0
2021-05-31,115976.99656488576,0.0,115976.99656488576,0.0
2021-06-01,115976.99656488576,0.0,115976.99656488576,0.0
2021-06-02,555.5243799459422,116.0,115804.06612799282,-0.0014910753167866053
2021-06-03,555.5243799459422,116.0,116243.85934088344,0.003797735499240007
2021-06-04,555.5243799459422,116.0,115241.23531744594,-0.008625178388970367
2021-06-07,555.5243799459422,116.0,117173.16207525844,0.01676419688222519
2021-06-08,555.5243799459422,116.0,116503.01852057094,-0.0057192580862251985
2021-06-09,555.5243799459422,116.0,114429.71676275844,-0.01779612051379098
2021-06-10,555.5243799459422,116.0,114848.58126471157,0.0036604521430525505
2021-06-11,555.5243799459422,116.0,116831.05270025844,0.017261610145427264
2021-06-14,555.5243799459422,116.0,118499.14742682094,0.014277836996317683
2021-06-15,555.5243799459422,116.0,118767.08590338344,0.0022611004583636962
2021-06-16,555.5243799459422,116.0,116749.6176416647,-0.01698676233716756
2021-06-17,555.5243799459422,116.0,116962.39522955532,0.0018225120748889267
2021-06-18,555.5243799459422,116.0,117487.78658697718,0.004491968178239825
2021-06-21,555.5243799459422,116.0,118097.23263189907,0.005187314040261626
2021-06-22,555.5243799459422,116.0,117493.04000494594,-0.005116060838075254
2021-06-23,555.5243799459422,116.0,116421.26485846157,-0.00912203094276276
2021-06-24,555.5243799459422,116.0,113697.13399908657,-0.023398911381755205
2021-06-25,555.5243799459422,116.0,111120.12008307094,-0.022665601368952126
2021-06-28,555.5243799459422,116.0,110150.79366705532,-0.008723230458093312
2021-06-29,555.5243799459422,116.0,110245.36227057094,0.0008585376497738384
2021-06-30,555.5243799459422,116.0,111445.86031744594,0.010889329239343937
2021-07-01,555.5243799459422,116.0,110778.62667486782,-0.005987065295001148
2021-07-02,555.5243799459422,116.0,112412.56710455532,0.01474959997909231
2021-07-05,555.5243799459422,116.0,113523.75704596157,0.009884926303415309
2021-07-06,555.5243799459422,116.0,112189.28268072718,-0.011755022912905422
2021-07-07,555.5243799459422,116.0,111414.33980963344,-0.006907459006571082
2021-07-08,555.5243799459422,116.0,110497.53341314907,-0.008228800691642224
2021-07-09,555.5243799459422,116.0,109373.22408697718,-0.010174972159497031
2021-07-12,555.5243799459422,116.0,110050.97164557094,0.006196649721643022
2021-07-13,555.5243799459422,116.0,110870.56856939907,0.00744743014598459
2021-07-14,555.5243799459422,116.0,110150.79366705532,-0.006492028602642308
2021-07-15,555.5243799459422,116.0,109959.0297510397,-0.001740921782145688
2021-07-16,555.5243799459422,116.0,111537.80221197718,0.014357824587139412
2021-07-19,555.5243799459422,116.0,110831.16793463344,-0.006335379246587447
2021-07-20,555.5243799459422,116.0,110560.58858893032,-0.0024413651028446504
2021-07-22,111806.79242310024,0.0,111806.79242310024,0.011271682342460787
2021-07-23,111806.79242310024,0.0,111806.79242310024,0.0
2021-07-26,111806.79242310024,0.0,111806.79242310024,0.0
2021-07-27,111806.79242310024,0.0,111806.79242310024,0.0
2021-07-28,111806.79242310024,0.0,111806.79242310024,0.0
2021-07-29,111806.79242310024,0.0,111806.79242310024,0.0
2021-07-30,111806.79242310024,0.0,111806.79242310024,0.0
2021-08-02,111806.79242310024,0.0,111806.79242310024,0.0
2021-08-03,111806.79242310024,0.0,111806.79242310024,0.0
2021-08-04,111806.79242310024,0.0,111806.79242310024,0.0
2021-08-05,111806.79242310024,0.0,111806.79242310024,0.0
2021-08-06,111806.79242310024,0.0,111806.79242310024,0.0
2021-08-09,111806.79242310024,0.0,111806.79242310024,0.0
2021-08-10,111806.79242310024,0.0,111806.79242310024,0.0
2021-08-11,111806.79242310024,0.0,111806.79242310024,0.0
2021-08-12,111806.79242310024,0.0,111806.79242310024,0.0
2021-08-13,111806.79242310024,0.0,111806.79242310024,0.0
2021-08-16,111806.79242310024,0.0,111806.79242310024,0.0
2021-08-17,111806.79242310024,0.0,111806.79242310024,0.0
2021-08-18,111806.79242310024,0.0,111806.79242310024,0.0
2021-08-20,111806.79242310024,0.0,111806.79242310024,0.0
2021-08-23,111806.79242310024,0.0,111806.79242310024,0.0
2021-08-24,111806.79242310024,0.0,111806.79242310024,0.0
2021-08-25,111806.79242310024,0.0,111806.79242310024,0.0
2021-08-26,516.8623796938627,110.0,111640.0520769595,-0.0014913257283131198
2021-08-27,516.8623796938627,110.0,111488.08369317043,-0.0013612353359018226
2021-08-30,516.8623796938627,110.0,113622.89875664699,0.019148369877374893
2021-08-31,516.8623796938627,110.0,113020.0941912173,-0.005305308806816789
2021-09-01,516.8623796938627,110.0,113465.99568047511,0.003945329301384248
2021-09-02,516.8623796938627,110.0,114826.11775078761,0.011987045653242712
2021-09-03,516.8623796938627,110.0,119514.26350274074,0.0408282178635353
2021-09-06,516.8623796938627,110.0,121362.63142266261,0.015465667994343457
2021-09-07,516.8623796938627,110.0,122124.87019219386,0.006280671081336786
2021-09-08,516.8623796938627,110.0,121649.08528008449,-0.0038958887846562984
2021-09-09,516.8623796938627,110.0,121362.63142266261,-0.0023547555393642616
2021-09-13,516.8623796938627,110.0,118669.79328789699,-0.022188363116381615
2021-09-14,516.8623796938627,110.0,118515.33405938136,-0.0013015884180476167
2021-09-15,516.8623796938627,110.0,119006.07746758449,0.00414075876423925
2021-09-16,516.8623796938627,110.0,121492.15534844386,0.02089034386950983
2021-09-17,516.8623796938627,110.0,119616.35456719386,-0.015439686421482413
2021-09-20,516.8623796938627,110.0,119805.71247735011,0.001583043646844029
2021-09-21,516.8623796938627,110.0,120321.36433281886,0.004304067350429763
2021-09-22,516.8623796938627,110.0,121606.72077813136,0.010682695067827597
2021-09-23,516.8623796938627,110.0,124566.08601250636,0.024335540136587452
2021-09-24,516.8623796938627,110.0,124207.37751641261,-0.0028796641812903756
2021-09-27,516.8623796938627,110.0,126287.40070977199,0.016746373967073902
2021-09-28,516.8623796938627,110.0,127463.17341485011,0.009310293017909421
2021-09-29,516.8623796938627,110.0,126456.81843438136,-0.007895260674182336
2021-09-30,516.8623796938627,110.0,126028.32600274074,-0.0033884486178415996
2021-10-01,516.8623796938627,110.0,126250.04475274074,0.0017592771167584953
2021-10-04,516.8623796938627,110.0,127866.71711602199,0.012805321110558765
2021-10-05,516.8623796938627,110.0,130509.73835625636,0.020670126674451117
2021-10-06,516.8623796938627,110.0,128051.07990899074,-0.0188388887927593
2021-10-07,516.8623796938627,110.0,128676.32893242824,0.004882809452929848
2021-10-08,516.8623796938627,110.0,133601.1519304751,0.03827295228971783
2021-10-11,516.8623796938627,110.0,132674.45027031886,-0.006936329865168345
2021-10-12,516.8623796938627,110.0,133429.236647272,0.005689010773478165
2021-10-13,516.8623796938627,110.0,134781.90632500636,0.01013773076818425
2021-10-14,516.8623796938627,110.0,135053.41511406886,0.0020144305453566602
2021-10-18,516.8623796938627,110.0,135412.1236101626,0.0026560490587430596
2021-10-19,516.8623796938627,110.0,136620.27058281886,0.008922000042879352
2021-10-20,516.8623796938627,110.0,135053.41511406886,-0.011468689544134492
2021-10-21,516.8623796938627,110.0,131172.3567644595,-0.028737209987110268
2021-10-22,516.8623796938627,110.0,131416.472975397,0.0018610339629396844
2021-10-25,516.8623796938627,110.0,130141.06648125636,-0.009705073232176953
2021-10-26,516.8623796938627,110.0,133092.9524675845,0.022682202214419966
2021-10-27,516.8623796938627,110.0,131416.472975397,-0.012596305522606932
2021-10-28,516.8623796938627,110.0,129981.61213555324,-0.010918424512217584
2021-10-29,516.8623796938627,110.0,126875.29377617824,-0.02389813688520448
2021-11-01,516.8623796938627,110.0,126952.53010430324,0.0006087578268882954
2021-11-02,516.8623796938627,110.0,125109.15730156886,-0.014520173810005033
2021-11-03,516.8623796938627,110.0,124252.23957695949,-0.006849360535167048
2021-11-04,516.8623796938627,110.0,125011.99421563136,0.006114615247649446
2021-11-08,516.8623796938627,110.0,125166.45344414699,0.0012355552719940377
2021-11-09,516.8623796938627,110.0,126150.41096367824,0.007861191976413329
2021-11-10,516.8623796938627,110.0,127555.35481133449,0.011137053275718456
2021-11-11,516.8623796938627,110.0,127787.03694024074,0.00181632616873606
2021-11-12,516.8623796938627,110.0,129707.61921563136,0.015029554807572287
2021-11-15,516.8623796938627,110.0,128945.35359063136,-0.005876799139553857
2021-11-16,516.8623796938627,110.0,125961.07990899074,-0.023143708544279384
2021-11-17,516.8623796938627,110.0,123275.73445000636,-0.021318850719004523
2021-11-18,516.8623796938627,110.0,123739.05842461574,0.0037584361324349835
2021-11-22,516.8623796938627,110.0,118281.19465508449,-0.04410784952639901
2021-11-23,119203.97656639859,0.0,119203.97656639859,0.00780159444622619
2021-11-24,119203.97656639859,0.0,119203.97656639859,0.0
2021-11-25,119203.97656639859,0.0,119203.97656639859,0.0
2021-11-26,119203.97656639859,0.0,119203.97656639859,0.0
2021-11-29,119203.97656639859,0.0,119203.97656639859,0.0
2021-11-30,119203.97656639859,0.0,119203.97656639859,0.0
2021-12-01,119203.97656639859,0.0,119203.97656639859,0.0
2021-12-02,119203.97656639859,0.0,119203.97656639859,0.0
2021-12-03,119203.97656639859,0.0,119203.97656639859,0.0
2021-12-06,119203.97656639859,0.0,119203.97656639859,0.0
2021-12-07,119203.97656639859,0.0,119203.97656639859,0.0
2021-12-08,119203.97656639859,0.0,119203.97656639859,0.0
2021-12-09,119203.97656639859,0.0,119203.97656639859,0.0
2021-12-10,119203.97656639859,0.0,119203.97656639859,0.0
2021-12-13,119203.97656639859,0.0,119203.97656639859,0.0
2021-12-14,119203.97656639859,0.0,119203.97656639859,0.0
2021-12-15,119203.97656639859,0.0,119203.97656639859,0.0
2021-12-16,119203.97656639859,0.0,119203.97656639859,0.0
2021-12-17,119203.97656639859,0.0,119203.97656639859,0.0
2021-12-20,119203.97656639859,0.0,119203.97656639859,0.0
2021-12-21,119203.97656639859,0.0,119203.97656639859,0.0
2021-12-22,119203.97656639859,0.0,119203.97656639859,0.0
2021-12-23,119203.97656639859,0.0,119203.97656639859,0.0
2021-12-24,119203.97656639859,0.0,119203.97656639859,0.0
2021-12-27,119203.97656639859,0.0,119203.97656639859,0.0
2021-12-28,119203.97656639859,0.0,119203.97656639859,0.0
2021-12-29,119203.97656639859,0.0,119203.97656639859,0.0
2021-12-30,119203.97656639859,0.0,119203.97656639859,0.0
2021-12-31,119203.97656639859,0.0,119203.97656639859,0.0
2022-01-03,119203.97656639859,0.0,119203.97656639859,0.0
2022-01-04,119203.97656639859,0.0,119203.97656639859,0.0
2022-01-05,119203.97656639859,0.0,119203.97656639859,0.0
2022-01-06,119203.97656639859,0.0,119203.97656639859,0.0
2022-01-07,119203.97656639859,0.0,119203.97656639859,0.0
2022-01-10,119203.97656639859,0.0,119203.97656639859,0.0
2022-01-11,119203.97656639859,0.0,119203.97656639859,0.0
2022-01-12,119203.97656639859,0.0,119203.97656639859,0.0
2022-01-13,119203.97656639859,0.0,119203.97656639859,0.0
2022-01-14,119203.97656639859,0.0,119203.97656639859,0.0
2022-01-17,119203.97656639859,0.0,119203.97656639859,0.0
2022-01-18,240.23207745376567,104.0,119025.73891339127,-0.0014952324422502494
2022-01-19,240.23207745376567,104.0,119016.30629620377,-7.924854971375073e-05
2022-01-20,240.23207745376567,104.0,116936.71254620377,-0.017473183420970706
2022-01-21,240.23207745376567,104.0,116955.55238995377,0.00016111145370678592
2022-01-24,240.23207745376567,104.0,112247.55922589127,-0.04025455027876823
2022-01-25,240.23207745376567,104.0,112028.52699932877,-0.0019513317534299857
2022-01-27,240.23207745376567,104.0,110372.84242901627,-0.014779133624799212
2022-01-28,240.23207745376567,104.0,110266.84926495377,-0.0009603192391340887
2022-01-31,240.23207745376567,104.0,112657.37660870377,0.02167947447202323
2022-02-01,240.23207745376567,104.0,112285.23891339127,-0.0033032696705255216
2022-02-02,240.23207745376567,104.0,112513.69106182877,0.0020345697319459344
2022-02-03,240.23207745376567,104.0,111062.90883526627,-0.012894272802456253
2022-02-04,240.23207745376567,104.0,110052.52699932877,-0.009097383154588079
2022-02-07,240.23207745376567,104.0,109383.67446026627,-0.006077575475087249
2022-02-08,240.23207745376567,104.0,111218.35024151627,0.016772848327713197
2022-02-09,240.23207745376567,104.0,112511.34242901627,0.011625709109083227
2022-02-10,240.23207745376567,104.0,112395.94203839127,-0.0010256778395281163
2022-02-11,240.23207745376567,104.0,112176.89711651627,-0.001948868597054676
2022-02-14,110228.855284236,0.0,110228.855284236,-0.017365802427721566
2022-02-15,110228.855284236,0.0,110228.855284236,0.0
2022-02-16,110228.855284236,0.0,110228.855284236,0.0
2022-02-17,110228.855284236,0.0,110228.855284236,0.0
2022-02-18,110228.855284236,0.0,110228.855284236,0.0
2022-02-21,110228.855284236,0.0,110228.855284236,0.0
2022-02-22,110228.855284236,0.0,110228.855284236,0.0
2022-02-23,110228.855284236,0.0,110228.855284236,0.0
2022-02-24,110228.855284236,0.0,110228.855284236,0.0
2022-02-25,110228.855284236,0.0,110228.855284236,0.0
2022-02-28,110228.855284236,0.0,110228.855284236,0.0
2022-03-02,110228.855284236,0.0,110228.855284236,0.0
2022-03-03,110228.855284236,0.0,110228.855284236,0.0
2022-03-04,110228.855284236,0.0,110228.855284236,0.0
2022-03-07,110228.855284236,0.0,110228.855284236,0.0
2022-03-08,110228.855284236,0.0,110228.855284236,0.0
2022-03-09,110228.855284236,0.0,110228.855284236,0.0
2022-03-10,110228.855284236,0.0,110228.855284236,0.0
2022-03-11,110228.855284236,0.0,110228.855284236,0.0
2022-03-14,110228.855284236,0.0,110228.855284236,0.0
2022-03-15,110228.855284236,0.0,110228.855284236,0.0
2022-03-16,110228.855284236,0.0,110228.855284236,0.0
2022-03-17,110228.855284236,0.0,110228.855284236,0.0
2022-03-21,110228.855284236,0.0,110228.855284236,0.0
2022-03-22,110228.855284236,0.0,110228.855284236,0.0
2022-03-23,110228.855284236,0.0,110228.855284236,0.0
2022-03-24,110228.855284236,0.0,110228.855284236,0.0
2022-03-25,110228.855284236,0.0,110228.855284236,0.0
2022-03-28,812.3275283002149,92.0,110064.92176658146,-0.001487210560536134
2022-03-29,812.3275283002149,92.0,110089.93202048771,0.00022723183285666693
2022-03-30,812.3275283002149,92.0,112190.01844626896,0.019076098851531942
2022-03-31,812.3275283002149,92.0,110598.27918845646,-0.014187886586138898
2022-04-01,812.3275283002149,92.0,111477.47889548771,0.00794948812479368
2022-04-04,812.3275283002149,92.0,111804.57752830021,0.0029342126863054485
2022-04-05,812.3275283002149,92.0,110235.74842673771,-0.014031886137805039
2022-04-06,812.3275283002149,92.0,109944.07069236271,-0.002645945063536659
2022-04-07,812.3275283002149,92.0,108018.99989158146,-0.017509546341683446
2022-04-08,812.3275283002149,92.0,109802.40955955021,0.016510147934703623
2022-04-11,812.3275283002149,92.0,109575.30702048771,-0.002068283746900268
2022-04-12,812.3275283002149,92.0,107527.31873923771,-0.018690235390963372
2022-04-13,812.3275283002149,92.0,107135.62245017521,-0.0036427606831004322
2022-04-18,812.3275283002149,92.0,106810.61268455021,-0.0030336293213413246
2022-04-19,812.3275283002149,92.0,110850.36952048771,0.03782168020951571
2022-04-20,812.3275283002149,92.0,114085.91248923771,0.029188382345915365
2022-04-21,812.3275283002149,92.0,116738.12245017521,0.023247479930422532
2022-04-22,812.3275283002149,92.0,115767.23719626896,-0.008316779759076853
2022-04-25,812.3275283002149,92.0,113108.80555564396,-0.02296359233414169
2022-04-26,812.3275283002149,92.0,116469.35487205021,0.029710766548171508
2022-04-27,812.3275283002149,92.0,116581.86170798771,0.0009659780125088613
2022-04-28,812.3275283002149,92.0,118311.10682517521,0.01483288302187935
2022-04-29,812.3275283002149,92.0,117077.70936423771,-0.010425035265370752
2022-05-02,812.3275283002149,92.0,116669.36952048771,-0.00348776762004821
2022-05-04,812.3275283002149,92.0,113052.54090720646,-0.031000669911446788
2022-05-05,812.3275283002149,92.0,110854.53602439396,-0.019442330664789065
2022-05-06,812.3275283002149,92.0,110010.74598533146,-0.007611687075004481
2022-05-09,812.3275283002149,92.0,105745.98670798771,-0.03876675173089361
2022-05-10,812.3275283002149,92.0,103927.15614158146,-0.017199996170340293
2022-05-11,812.3275283002149,92.0,102870.86317283146,-0.010163782094749108
2022-05-12,812.3275283002149,92.0,100791.59803611271,-0.020212381548946556
2022-05-13,812.3275283002149,92.0,101924.97694236271,0.011244775639373428
2022-05-16,812.3275283002149,92.0,101949.97596580021,0.0002452688652716528
2022-05-17,812.3275283002149,92.0,106198.08045798771,0.041668518819587996
2022-05-18,812.3275283002149,92.0,106581.43250876896,0.0036097832383412687
2022-05-19,812.3275283002149,92.0,104143.82557517521,-0.022870840410154858
2022-05-20,812.3275283002149,92.0,110169.07313376896,0.057855062701191784
2022-05-23,812.3275283002149,92.0,109437.81239158146,-0.006637622713768221
2022-05-24,812.3275283002149,92.0,109810.73133689396,0.0034075877172887736
2022-05-25,812.3275283002149,92.0,109650.32655173771,-0.0014607387019774931
2022-05-26,108451.13046099579,0.0,108451.13046099579,-0.010936548284478653
2022-05-27,108451.13046099579,0.0,108451.13046099579,0.0
2022-05-30,108451.13046099579,0.0,108451.13046099579,0.0
2022-05-31,108451.13046099579,0.0,108451.13046099579,0.0
2022-06-01,108451.13046099579,0.0,108451.13046099579,0.0
2022-06-02,108451.13046099579,0.0,108451.13046099579,0.0
2022-06-03,108451.13046099579,0.0,108451.13046099579,0.0
2022-06-06,108451.13046099579,0.0,108451.13046099579,0.0
2022-06-07,108451.13046099579,0.0,108451.13046099579,0.0
2022-06-08,108451.13046099579,0.0,108451.13046099579,0.0
2022-06-09,108451.13046099579,0.0,108451.13046099579,0.0
2022-06-10,107.54275903680536,88.0,108288.8044777868,-0.0014967661703384483
2022-06-13,107.54275903680536,88.0,106242.1599465368,-0.018899871885369568
2022-06-14,107.54275903680536,88.0,104855.1286965368,-0.013055375104365163
2022-06-15,107.54275903680536,88.0,103587.6902199743,-0.012087520108154393
2022-06-16,107.54275903680536,88.0,102140.8786965368,-0.01396702176064657
2022-06-17,107.54275903680536,88.0,103336.5915871618,0.011706506796142824
2022-06-20,107.54275903680536,88.0,101465.3240090368,-0.018108470091609652
2022-06-21,107.54275903680536,88.0,103101.4343605993,0.016124822618383217
2022-06-22,107.54275903680536,88.0,99972.6863137243,-0.03034630959577289
2022-06-23,107.54275903680536,88.0,98352.4958840368,-0.016206330843238304
2022-06-24,107.54275903680536,88.0,99751.4831887243,0.014224217617588408
2022-06-27,107.54275903680536,88.0,99456.5242043493,-0.0029569383326055743
2022-06-28,107.54275903680536,88.0,100853.5134621618,0.014046230440772023
2022-06-29,107.54275903680536,88.0,102943.9968605993,0.02072791841031707
2022-06-30,103406.66116096552,0.0,103406.66116096552,0.004494330067567942
2022-07-01,103406.66116096552,0.0,103406.66116096552,0.0
2022-07-04,103406.66116096552,0.0,103406.66116096552,0.0
2022-07-05,103406.66116096552,0.0,103406.66116096552,0.0
2022-07-06,103406.66116096552,0.0,103406.66116096552,0.0
2022-07-07,103406.66116096552,0.0,103406.66116096552,0.0
2022-07-08,103406.66116096552,0.0,103406.66116096552,0.0
2022-07-11,103406.66116096552,0.0,103406.66116096552,0.0
2022-07-12,103406.66116096552,0.0,103406.66116096552,0.0
2022-07-13,103406.66116096552,0.0,103406.66116096552,0.0
2022-07-14,103406.66116096552,0.0,103406.66116096552,0.0
2022-07-15,103406.66116096552,0.0,103406.66116096552,0.0
2022-07-18,103406.66116096552,0.0,103406.66116096552,0.0
2022-07-19,103406.66116096552,0.0,103406.66116096552,0.0
2022-07-20,103406.66116096552,0.0,103406.66116096552,0.0
2022-07-21,103406.66116096552,0.0,103406.66116096552,0.0
2022-07-22,103406.66116096552,0.0,103406.66116096552,0.0
2022-07-25,103406.66116096552,0.0,103406.66116096552,0.0
2022-07-26,103406.66116096552,0.0,103406.66116096552,0.0
2022-07-27,103406.66116096552,0.0,103406.66116096552,0.0
2022-07-28,103406.66116096552,0.0,103406.66116096552,0.0
2022-07-29,103406.66116096552,0.0,103406.66116096552,0.0
2022-08-01,103406.66116096552,0.0,103406.66116096552,0.0
2022-08-02,103406.66116096552,0.0,103406.66116096552,0.0
2022-08-03,103406.66116096552,0.0,103406.66116096552,0.0
2022-08-04,103406.66116096552,0.0,103406.66116096552,0.0
2022-08-05,103406.66116096552,0.0,103406.66116096552,0.0
2022-08-08,103406.66116096552,0.0,103406.66116096552,0.0
2022-08-10,103406.66116096552,0.0,103406.66116096552,0.0
2022-08-11,103406.66116096552,0.0,103406.66116096552,0.0
2022-08-12,103406.66116096552,0.0,103406.66116096552,0.0
2022-08-16,103406.66116096552,0.0,103406.66116096552,0.0
2022-08-17,649.6950901732926,85.0,103252.70534407954,-0.0014888384863942505
2022-08-18,649.6950901732926,85.0,103438.77773177486,0.0018021066574018807
2022-08-19,649.6950901732926,85.0,101606.07936751704,-0.01771771094405372
2022-08-22,649.6950901732926,85.0,101326.05251204829,-0.0027560049281684096
2022-08-23,649.6950901732926,85.0,102878.72402083736,0.015323517203085002
2022-08-24,649.6950901732926,85.0,102606.42726790767,-0.002646774204494773
2022-08-25,649.6950901732926,85.0,102309.02065169673,-0.0028985183884669974
2022-08-26,649.6950901732926,85.0,101766.35707747798,-0.005304161556449749
2022-08-29,649.6950901732926,85.0,100980.3768528686,-0.007723379780716577
2022-08-30,649.6950901732926,85.0,102536.90822493892,0.015414196506101652
2022-09-01,649.6950901732926,85.0,99541.64394271236,-0.029211572048337353
2022-09-02,649.6950901732926,85.0,98386.7977513061,-0.01160163872791653
2022-09-05,649.6950901732926,85.0,99904.70973861079,0.015428004793301087
2022-09-06,649.6950901732926,85.0,100949.47719466548,0.01045763967272606
2022-09-07,649.6950901732926,85.0,100366.25392806392,-0.005777377781530313
2022-09-08,649.6950901732926,85.0,100507.22194564204,0.001404536007482804
2022-09-09,649.6950901732926,85.0,99885.38967025142,-0.006186941230222565
2022-09-12,649.6950901732926,85.0,100995.82668197017,0.011117111475307917
2022-09-13,649.6950901732926,85.0,101833.95656478267,0.008298658571821216
2022-09-14,649.6950901732926,85.0,100621.17092025142,-0.011909442443785667
2022-09-15,649.6950901732926,85.0,99630.47267806392,-0.009845823032338719
2022-09-16,649.6950901732926,85.0,97177.88234603267,-0.024616869378471296
2022-09-19,649.6950901732926,85.0,97303.41091048579,0.0012917400690637404
2022-09-20,649.6950901732926,85.0,97318.85036361079,0.0001586732980944916
2022-09-21,649.6950901732926,85.0,97585.3573216186,0.0027384926662417097
2022-09-22,649.6950901732926,85.0,96671.90822493892,-0.009360513931092829
2022-09-23,649.6950901732926,85.0,94872.04982650142,-0.018618215275626238
2022-09-26,649.6950901732926,85.0,92471.58840072017,-0.02530209297860775
2022-09-27,93062.79830459226,0.0,93062.79830459226,0.006393422175361874
2022-09-28,93062.79830459226,0.0,93062.79830459226,0.0
2022-09-29,93062.79830459226,0.0,93062.79830459226,0.0
2022-09-30,93062.79830459226,0.0,93062.79830459226,0.0
2022-10-03,93062.79830459226,0.0,93062.79830459226,0.0
2022-10-04,93062.79830459226,0.0,93062.79830459226,0.0
2022-10-06,93062.79830459226,0.0,93062.79830459226,0.0
2022-10-07,93062.79830459226,0.0,93062.79830459226,0.0
2022-10-10,93062.79830459226,0.0,93062.79830459226,0.0
2022-10-11,93062.79830459226,0.0,93062.79830459226,0.0
2022-10-12,93062.79830459226,0.0,93062.79830459226,0.0
2022-10-13,93062.79830459226,0.0,93062.79830459226,0.0
2022-10-14,93062.79830459226,0.0,93062.79830459226,0.0
2022-10-17,93062.79830459226,0.0,93062.79830459226,0.0
2022-10-18,93062.79830459226,0.0,93062.79830459226,0.0
2022-10-19,93062.79830459226,0.0,93062.79830459226,0.0
2022-10-20,93062.79830459226,0.0,93062.79830459226,0.0
2022-10-21,93062.79830459226,0.0,93062.79830459226,0.0
2022-10-24,93062.79830459226,0.0,93062.79830459226,0.0
2022-10-25,93062.79830459226,0.0,93062.79830459226,0.0
2022-10-27,93062.79830459226,0.0,93062.79830459226,0.0
2022-10-28,93062.79830459226,0.0,93062.79830459226,0.0
2022-10-31,93062.79830459226,0.0,93062.79830459226,0.0
2022-11-01,93062.79830459226,0.0,93062.79830459226,0.0
2022-11-02,93062.79830459226,0.0,93062.79830459226,0.0
2022-11-03,93062.79830459226,0.0,93062.79830459226,0.0
2022-11-04,93062.79830459226,0.0,93062.79830459226,0.0
2022-11-07,93062.79830459226,0.0,93062.79830459226,0.0
2022-11-09,93062.79830459226,0.0,93062.79830459226,0.0
2022-11-10,578.5278847301379,79.0,92924.2335732067,-0.001488937942012436
2022-11-11,578.5278847301379,79.0,95052.93254781608,0.022907899185763636
2022-11-14,578.5278847301379,79.0,94595.24944234733,-0.00481503403630934
2022-11-15,578.5278847301379,79.0,94173.45000387076,-0.004458991767167242
2022-11-16,578.5278847301379,79.0,93636.79582906608,-0.0056985718881769065
2022-11-17,578.5278847301379,79.0,93877.29643941764,0.0025684412652329236
2022-11-18,578.5278847301379,79.0,93827.04387594108,-0.000535300497378377
2022-11-21,578.5278847301379,79.0,92148.84355855826,-0.017886104560661087
2022-11-22,578.5278847301379,79.0,92656.79851461295,0.0055123313157141585
2022-11-23,578.5278847301379,79.0,92369.60381246451,-0.0030995534785625
2022-11-24,578.5278847301379,79.0,93161.1564247692,0.008569405731259305
2022-11-25,578.5278847301379,79.0,94543.1935341442,0.014834907191078495
2022-11-28,578.5278847301379,79.0,97772.1642372692,0.0341533915073311
2022-11-29,578.5278847301379,79.0,97939.07488180045,0.0017071386916034381
2022-11-30,578.5278847301379,79.0,98626.5060341442,0.007018967181111169
2022-12-01,578.5278847301379,79.0,98337.52727437858,-0.002930031402162636
2022-12-02,578.5278847301379,79.0,98296.24321676139,-0.0004198199686473725
2022-12-05,578.5278847301379,79.0,96871.12834859733,-0.014498162101896583
2022-12-06,578.5278847301379,79.0,97149.32561422233,0.0028718284835487218
2022-12-07,578.5278847301379,79.0,95724.21074605826,-0.014669323324210781
2022-12-08,578.5278847301379,79.0,95679.33928609733,-0.00046875769056975436
2022-12-09,578.5278847301379,79.0,94238.0714638317,-0.015063521895317344
2022-12-12,578.5278847301379,79.0,94381.65434957389,0.0015236186767393356
2022-12-13,578.5278847301379,79.0,94808.83489156608,0.004526097205395319
2022-12-14,578.5278847301379,79.0,94467.80986715201,-0.0035969751638029734
2022-12-15,578.5278847301379,79.0,93134.22197652701,-0.01411684988251971
2022-12-16,578.5278847301379,79.0,92676.52922750358,-0.0049143348095911366
2022-12-19,578.5278847301379,79.0,93886.26494527701,0.013053312719596644
2022-12-20,578.5278847301379,79.0,94693.97051168326,0.00860302161212867
2022-12-21,578.5278847301379,79.0,93354.99187398795,-0.014140062249582308
2022-12-22,578.5278847301379,79.0,93114.4816200817,-0.0025762977327542513
2022-12-23,578.5278847301379,79.0,90400.65032125358,-0.029145104516619447
2022-12-26,578.5278847301379,79.0,91184.98955465201,0.008676256538101779
2022-12-27,578.5278847301379,79.0,91926.27995992545,0.00812952229192443
2022-12-28,578.5278847301379,79.0,91917.31145406608,-9.756193618715159e-05
2022-12-29,578.5278847301379,79.0,91876.02739644889,-0.0004491434416880047
2022-12-30,578.5278847301379,79.0,92016.01323629264,0.0015236383615031546
2023-01-02,92907.6173743399,0.0,92907.6173743399,0.009689662773779029
2023-01-03,92907.6173743399,0.0,92907.6173743399,0.0
2023-01-04,92907.6173743399,0.0,92907.6173743399,0.0
2023-01-05,92907.6173743399,0.0,92907.6173743399,0.0
2023-01-06,92907.6173743399,0.0,92907.6173743399,0.0
2023-01-09,92907.6173743399,0.0,92907.6173743399,0.0
2023-01-10,92907.6173743399,0.0,92907.6173743399,0.0
2023-01-11,92907.6173743399,0.0,92907.6173743399,0.0
2023-01-12,92907.6173743399,0.0,92907.6173743399,0.0
2023-01-13,92907.6173743399,0.0,92907.6173743399,0.0
2023-01-16,92907.6173743399,0.0,92907.6173743399,0.0
2023-01-17,92907.6173743399,0.0,92907.6173743399,0.0
2023-01-18,92907.6173743399,0.0,92907.6173743399,0.0
2023-01-19,92907.6173743399,0.0,92907.6173743399,0.0
2023-01-20,92907.6173743399,0.0,92907.6173743399,0.0
2023-01-23,92907.6173743399,0.0,92907.6173743399,0.0
2023-01-24,92907.6173743399,0.0,92907.6173743399,0.0
2023-01-25,92907.6173743399,0.0,92907.6173743399,0.0
2023-01-27,92907.6173743399,0.0,92907.6173743399,0.0
2023-01-30,92907.6173743399,0.0,92907.6173743399,0.0
2023-01-31,92907.6173743399,0.0,92907.6173743399,0.0
2023-02-01,92907.6173743399,0.0,92907.6173743399,0.0
2023-02-02,92907.6173743399,0.0,92907.6173743399,0.0
2023-02-03,92907.6173743399,0.0,92907.6173743399,0.0
2023-02-06,92907.6173743399,0.0,92907.6173743399,0.0
2023-02-07,92907.6173743399,0.0,92907.6173743399,0.0
2023-02-08,92907.6173743399,0.0,92907.6173743399,0.0
2023-02-09,92907.6173743399,0.0,92907.6173743399,0.0
2023-02-10,92907.6173743399,0.0,92907.6173743399,0.0
2023-02-13,92907.6173743399,0.0,92907.6173743399,0.0
2023-02-14,92907.6173743399,0.0,92907.6173743399,0.0
2023-02-15,92907.6173743399,0.0,92907.6173743399,0.0
2023-02-16,92907.6173743399,0.0,92907.6173743399,0.0
2023-02-17,92907.6173743399,0.0,92907.6173743399,0.0
2023-02-20,92907.6173743399,0.0,92907.6173743399,0.0
2023-02-21,92907.6173743399,0.0,92907.6173743399,0.0
2023-02-22,92907.6173743399,0.0,92907.6173743399,0.0
2023-02-23,92907.6173743399,0.0,92907.6173743399,0.0
2023-02-24,92907.6173743399,0.0,92907.6173743399,0.0
2023-02-27,92907.6173743399,0.0,92907.6173743399,0.0
2023-02-28,92907.6173743399,0.0,92907.6173743399,0.0
2023-03-01,92907.6173743399,0.0,92907.6173743399,0.0
2023-03-02,92907.6173743399,0.0,92907.6173743399,0.0
2023-03-03,92907.6173743399,0.0,92907.6173743399,0.0
2023-03-06,92907.6173743399,0.0,92907.6173743399,0.0
2023-03-08,92907.6173743399,0.0,92907.6173743399,0.0
2023-03-09,92907.6173743399,0.0,92907.6173743399,0.0
2023-03-10,92907.6173743399,0.0,92907.6173743399,0.0
2023-03-13,92907.6173743399,0.0,92907.6173743399,0.0
2023-03-14,92907.6173743399,0.0,92907.6173743399,0.0
2023-03-15,92907.6173743399,0.0,92907.6173743399,0.0
2023-03-16,92907.6173743399,0.0,92907.6173743399,0.0
2023-03-17,92907.6173743399,0.0,92907.6173743399,0.0
2023-03-20,92907.6173743399,0.0,92907.6173743399,0.0
2023-03-21,92907.6173743399,0.0,92907.6173743399,0.0
2023-03-22,92907.6173743399,0.0,92907.6173743399,0.0
2023-03-23,92907.6173743399,0.0,92907.6173743399,0.0
2023-03-24,92907.6173743399,0.0,92907.6173743399,0.0
2023-03-27,92907.6173743399,0.0,92907.6173743399,0.0
2023-03-28,92907.6173743399,0.0,92907.6173743399,0.0
2023-03-29,92907.6173743399,0.0,92907.6173743399,0.0
2023-03-31,92907.6173743399,0.0,92907.6173743399,0.0
2023-04-03,92907.6173743399,0.0,92907.6173743399,0.0
2023-04-05,92907.6173743399,0.0,92907.6173743399,0.0
2023-04-06,92907.6173743399,0.0,92907.6173743399,0.0
2023-04-10,92907.6173743399,0.0,92907.6173743399,0.0
2023-04-11,92907.6173743399,0.0,92907.6173743399,0.0
2023-04-12,92907.6173743399,0.0,92907.6173743399,0.0
2023-04-13,92907.6173743399,0.0,92907.6173743399,0.0
2023-04-17,92907.6173743399,0.0,92907.6173743399,0.0
2023-04-18,92907.6173743399,0.0,92907.6173743399,0.0
2023-04-19,92907.6173743399,0.0,92907.6173743399,0.0
2023-04-20,92907.6173743399,0.0,92907.6173743399,0.0
2023-04-21,92907.6173743399,0.0,92907.6173743399,0.0
2023-04-24,92907.6173743399,0.0,92907.6173743399,0.0
2023-04-25,92907.6173743399,0.0,92907.6173743399,0.0
2023-04-26,92907.6173743399,0.0,92907.6173743399,0.0
2023-04-27,92907.6173743399,0.0,92907.6173743399,0.0
2023-04-28,380.3392808455246,84.0,92768.98820662677,-0.0014921184250648034
2023-05-02,380.3392808455246,84.0,93553.36076522052,0.008455116022680897
2023-05-03,380.3392808455246,84.0,92753.72014022052,-0.008547428103697574
2023-05-04,380.3392808455246,84.0,93818.62931990802,0.01148104009281381
2023-05-05,380.3392808455246,84.0,93580.07219100177,-0.002542747966321368
2023-05-08,380.3392808455246,84.0,94730.86808943927,0.012297446149524882
2023-05-09,380.3392808455246,84.0,95022.86857772052,0.00308242175090756
2023-05-10,380.3392808455246,84.0,95673.66349959552,0.006848824200068382
2023-05-11,380.3392808455246,84.0,95051.50773787677,-0.00650289472526977
2023-05-12,380.3392808455246,84.0,95206.07512068927,0.0016261434088846727
2023-05-15,380.3392808455246,84.0,95393.11662459552,0.0019645963103629427
2023-05-16,380.3392808455246,84.0,94040.01115584552,-0.014184518932062296
2023-05-17,380.3392808455246,84.0,93486.55656600177,-0.005885309700001562
2023-05-18,380.3392808455246,84.0,93286.16447615802,-0.002143539105564085
2023-05-19,380.3392808455246,84.0,93587.70109725177,0.0032323830954676946
2023-05-22,380.3392808455246,84.0,94085.80510115802,0.0053223233188370855
2023-05-23,380.3392808455246,84.0,94068.62980818927,-0.00018254924800065186
2023-05-24,380.3392808455246,84.0,93522.81437850177,-0.005802310832000446
2023-05-25,380.3392808455246,84.0,93511.37101912677,-0.0001223590142260811
2023-05-26,380.3392808455246,84.0,96051.54045272052,0.027164283935845468
2023-05-29,380.3392808455246,84.0,96589.70646834552,0.005602887919219812
2023-05-30,380.3392808455246,84.0,96564.91252303302,-0.00025669345336110094
2023-05-31,380.3392808455246,84.0,94654.52775740802,-0.01978342563267299
2023-06-01,380.3392808455246,84.0,94400.71281600177,-0.002681487588810927
2023-06-02,380.3392808455246,84.0,94093.45451522052,-0.0032548303038784088
2023-06-05,380.3392808455246,84.0,94935.08488631427,0.00894462187013878
2023-06-06,380.3392808455246,84.0,95015.23967147052,0.0008443115129905809
2023-06-07,380.3392808455246,84.0,95732.81828475177,0.007552247573782811
2023-06-08,380.3392808455246,84.0,95790.06584334552,0.0005979930354027552
2023-06-09,380.3392808455246,84.0,95114.48723006427,-0.0070527001660702915
2023-06-12,380.3392808455246,84.0,95198.44621443927,0.0008827149976839976
2023-06-13,380.3392808455246,84.0,96599.26310897052,0.01471470334059699
2023-06-14,380.3392808455246,84.0,97782.51262068927,0.012249053187745051
2023-06-15,380.3392808455246,84.0,97809.22404647052,0.00027317180818275943
2023-06-16,380.3392808455246,84.0,98757.73088240802,0.009697519279846745
2023-06-19,380.3392808455246,84.0,97780.60539412677,-0.009894167064700254
2023-06-20,380.3392808455246,84.0,97982.89445662677,0.0020688055845494713
2023-06-21,380.3392808455246,84.0,98257.71965193927,0.0028048283002515273
2023-06-22,380.3392808455246,84.0,97158.42912459552,-0.01118782861273182
2023-06-23,380.3392808455246,84.0,96366.42765975177,-0.008151649547854412
2023-06-26,380.3392808455246,84.0,95633.58098006427,-0.007604792431187946
2023-06-27,380.3392808455246,84.0,95667.93156600177,0.00035918958158287495
2023-06-28,380.3392808455246,84.0,96929.42863631427,0.013186206178631421
2023-06-30,380.3392808455246,84.0,97721.44035506427,0.00817101400361775
2023-07-03,380.3392808455246,84.0,100219.62004256427,0.02556429457469145
2023-07-04,380.3392808455246,84.0,99190.94816756427,-0.010264176561067706
2023-07-05,380.3392808455246,84.0,99028.73137068927,-0.0016353991959121572
2023-07-06,380.3392808455246,84.0,101099.41545272052,0.020909932434458378
2023-07-07,380.3392808455246,84.0,100902.83781600177,-0.0019443993403768234
2023-07-10,380.3392808455246,84.0,104775.11271834552,0.0383762735137827
2023-07-11,380.3392808455246,84.0,105906.82609725177,0.010801356825532515
2023-07-12,380.3392808455246,84.0,106023.23869490802,0.0010991982476120654
2023-07-13,380.3392808455246,84.0,105078.55656600177,-0.008910142158783385
2023-07-14,380.3392808455246,84.0,104990.77287459552,-0.000835410137663195
2023-07-17,380.3392808455246,84.0,107128.25090193927,0.020358722665055673
2023-07-18,380.3392808455246,84.0,108034.76799178302,0.008461979750547188
2023-07-19,380.3392808455246,84.0,108851.58390975177,0.007560676374395392
2023-07-20,380.3392808455246,84.0,108720.22111678302,-0.001206806444614128
2023-07-21,380.3392808455246,84.0,105366.45549178302,-0.03084767111904152
2023-07-24,380.3392808455246,84.0,103242.95353865802,-0.020153491385980993
2023-07-25,380.3392808455246,84.0,103176.79533553302,-0.0006408011477532227
2023-07-26,380.3392808455246,84.0,104847.46428084552,0.01619229343070261
2023-07-27,380.3392808455246,84.0,103875.67082381427,-0.009268640531240657
2023-07-28,380.3392808455246,84.0,104915.71428084552,0.010012387393341537
2023-07-31,380.3392808455246,84.0,105800.66740584552,0.008434895869184
2023-08-01,380.3392808455246,84.0,104309.87248397052,-0.014090600356578054
2023-08-02,380.3392808455246,84.0,103199.54875350177,-0.010644474046686003
2023-08-03,380.3392808455246,84.0,102767.38762068927,-0.004187626186668125
2023-08-04,380.3392808455246,84.0,104158.92473006427,0.013540648853614057
2023-08-07,380.3392808455246,84.0,104750.29826522052,0.005677607912032867
2023-08-08,380.3392808455246,84.0,104121.71330428302,-0.006000793996270737
2023-08-09,380.3392808455246,84.0,104806.11027693927,0.0065730475511498465
2023-08-10,380.3392808455246,84.0,105271.35051131427,0.004439056398006347
2023-08-11,380.3392808455246,84.0,105713.81681990802,0.004203102804748227
2023-08-14,380.3392808455246,84.0,106958.56926131427,0.011774737483244868
2023-08-16,380.3392808455246,84.0,106871.72892928302,-0.0008119062608166194
2023-08-17,380.3392808455246,84.0,105335.43742537677,-0.01437509731804576
2023-08-18,380.3392808455246,84.0,106112.88859725177,0.007380718121817065
2023-08-21,380.3392808455246,84.0,104959.19084334552,-0.010872362152773651
2023-08-22,380.3392808455246,84.0,104934.28410506427,-0.0002372992596563206
2023-08-23,380.3392808455246,84.0,105050.50187850177,0.0011075291019391198
2023-08-24,380.3392808455246,84.0,103290.91105818927,-0.01674995158374004
2023-08-25,380.3392808455246,84.0,102815.74504256427,-0.00460026938243685
2023-08-28,380.3392808455246,84.0,101794.85588240802,-0.00992930761464228
2023-08-29,380.3392808455246,84.0,100823.76994490802,-0.00953963664550772
2023-08-30,380.3392808455246,84.0,100728.31633162677,-0.0009467371963318705
2023-08-31,380.3392808455246,84.0,100269.75139022052,-0.004552492865030344
2023-09-01,380.3392808455246,84.0,100504.21721053302,0.0023383504702232383
2023-09-04,380.3392808455246,84.0,100423.28312850177,-0.0008052804576519357
2023-09-05,380.3392808455246,84.0,100958.64982772052,0.00533110133965331
2023-09-06,101019.14568240778,0.0,101019.14568240778,0.0005992141811572704
2023-09-07,101019.14568240778,0.0,101019.14568240778,0.0
2023-09-08,101019.14568240778,0.0,101019.14568240778,0.0
2023-09-11,101019.14568240778,0.0,101019.14568240778,0.0
2023-09-12,101019.14568240778,0.0,101019.14568240778,0.0
2023-09-13,101019.14568240778,0.0,101019.14568240778,0.0
2023-09-14,101019.14568240778,0.0,101019.14568240778,0.0
2023-09-15,101019.14568240778,0.0,101019.14568240778,0.0
2023-09-18,101019.14568240778,0.0,101019.14568240778,0.0
2023-09-20,101019.14568240778,0.0,101019.14568240778,0.0
2023-09-21,101019.14568240778,0.0,101019.14568240778,0.0
2023-09-22,101019.14568240778,0.0,101019.14568240778,0.0
2023-09-25,101019.14568240778,0.0,101019.14568240778,0.0
2023-09-26,101019.14568240778,0.0,101019.14568240778,0.0
2023-09-27,101019.14568240778,0.0,101019.14568240778,0.0
2023-09-28,101019.14568240778,0.0,101019.14568240778,0.0
2023-09-29,101019.14568240778,0.0,101019.14568240778,0.0
2023-10-03,101019.14568240778,0.0,101019.14568240778,0.0
2023-10-04,101019.14568240778,0.0,101019.14568240778,0.0
2023-10-05,101019.14568240778,0.0,101019.14568240778,0.0
2023-10-06,101019.14568240778,0.0,101019.14568240778,0.0
2023-10-09,101019.14568240778,0.0,101019.14568240778,0.0
2023-10-10,101019.14568240778,0.0,101019.14568240778,0.0
2023-10-11,101019.14568240778,0.0,101019.14568240778,0.0
2023-10-12,101019.14568240778,0.0,101019.14568240778,0.0
2023-10-13,101019.14568240778,0.0,101019.14568240778,0.0
2023-10-16,101019.14568240778,0.0,101019.14568240778,0.0
2023-10-17,101019.14568240778,0.0,101019.14568240778,0.0
2023-10-18,101019.14568240778,0.0,101019.14568240778,0.0
2023-10-19,101019.14568240778,0.0,101019.14568240778,0.0
2023-10-20,101019.14568240778,0.0,101019.14568240778,0.0
2023-10-23,101019.14568240778,0.0,101019.14568240778,0.0
2023-10-25,101019.14568240778,0.0,101019.14568240778,0.0
2023-10-26,101019.14568240778,0.0,101019.14568240778,0.0
2023-10-27,101019.14568240778,0.0,101019.14568240778,0.0
2023-10-30,101019.14568240778,0.0,101019.14568240778,0.0
2023-10-31,101019.14568240778,0.0,101019.14568240778,0.0
2023-11-01,101019.14568240778,0.0,101019.14568240778,0.0
2023-11-02,101019.14568240778,0.0,101019.14568240778,0.0
2023-11-03,101019.14568240778,0.0,101019.14568240778,0.0
2023-11-06,101019.14568240778,0.0,101019.14568240778,0.0
2023-11-07,101019.14568240778,0.0,101019.14568240778,0.0
2023-11-08,101019.14568240778,0.0,101019.14568240778,0.0
2023-11-09,101019.14568240778,0.0,101019.14568240778,0.0
2023-11-10,101019.14568240778,0.0,101019.14568240778,0.0
2023-11-13,101019.14568240778,0.0,101019.14568240778,0.0
2023-11-15,101019.14568240778,0.0,101019.14568240778,0.0
2023-11-16,101019.14568240778,0.0,101019.14568240778,0.0
2023-11-17,101019.14568240778,0.0,101019.14568240778,0.0
2023-11-20,101019.14568240778,0.0,101019.14568240778,0.0
2023-11-21,101019.14568240778,0.0,101019.14568240778,0.0
2023-11-22,101019.14568240778,0.0,101019.14568240778,0.0
2023-11-23,101019.14568240778,0.0,101019.14568240778,0.0
2023-11-24,101019.14568240778,0.0,101019.14568240778,0.0
2023-11-28,318.82238186548057,85.0,100868.27123440454,-0.0014935233017864258
2023-11-29,318.82238186548057,85.0,101132.8275088186,0.0026227898146411466
2023-11-30,318.82238186548057,85.0,100156.47924221704,-0.00965411815976791
2023-12-01,318.82238186548057,85.0,100864.0793398733,0.007064945802907063
2023-12-04,318.82238186548057,85.0,101951.70995510767,0.010783131342224195
2023-12-05,318.82238186548057,85.0,102688.69481838892,0.007228764123777376
2023-12-06,318.82238186548057,85.0,103669.25573147486,0.009548869180001862
2023-12-07,318.82238186548057,85.0,103499.17272366236,-0.00164063112648416
2023-12-08,318.82238186548057,85.0,103444.57433499048,-0.0005275248800069576
2023-12-11,318.82238186548057,85.0,103595.7523135061,0.0014614394180409995
2023-12-12,318.82238186548057,85.0,102113.37804592798,-0.014309218616339603
2023-12-13,318.82238186548057,85.0,102529.11229885767,0.0040713005571386685
2023-12-14,318.82238186548057,85.0,103797.31603420923,0.012369206237297092
2023-12-15,318.82238186548057,85.0,105118.02221096704,0.01272389525296136
2023-12-18,318.82238186548057,85.0,106184.65184963892,0.010146972100856244
2023-12-19,318.82238186548057,85.0,107742.62548245142,0.014672305325430957
2023-12-20,318.82238186548057,85.0,106442.9202822561,-0.012063054843665433
2023-12-21,318.82238186548057,85.0,107929.5071963186,0.013966047813424254
2023-12-22,318.82238186548057,85.0,108034.48095120142,0.000972614047906939
2023-12-26,318.82238186548057,85.0,108580.39220608423,0.005053120541481437
2023-12-27,318.82238186548057,85.0,108949.94298733423,0.0034034762054331313
2023-12-28,318.82238186548057,85.0,109735.22802151392,0.007207759936790126
2023-12-29,318.82238186548057,85.0,108870.1517275686,-0.00788330520237046
2024-01-01,318.82238186548057,85.0,109092.71642483423,0.0020443132826943877
2024-01-02,318.82238186548057,85.0,109993.47570217798,0.008256823249647383
2024-01-03,318.82238186548057,85.0,108800.86095608423,-0.010842595331044147
2024-01-04,318.82238186548057,85.0,109361.4749697561,0.005152661557505045
2024-01-05,318.82238186548057,85.0,109825.49901760767,0.004243030262529812
2024-01-08,318.82238186548057,85.0,108970.94396389673,-0.0077810259125153935
2024-01-09,318.82238186548057,85.0,108683.28038967798,-0.0026398190540962707
2024-01-10,318.82238186548057,85.0,111606.04772366236,0.026892520390486396
2024-01-11,318.82238186548057,85.0,114532.98620022486,0.026225626086228138
2024-01-12,318.82238186548057,85.0,115442.15001858423,0.007938008503244554
2024-01-15,318.82238186548057,85.0,117407.44298733423,0.017024050300809668
2024-01-16,318.82238186548057,85.0,115769.69884670923,-0.013949236087201666
2024-01-17,318.82238186548057,85.0,114673.65331448267,-0.009467464657378466
2024-01-18,318.82238186548057,85.0,115209.08483303736,0.004669176424390242
2024-01-19,318.82238186548057,85.0,115167.09325588892,-0.00036448147478385096
2024-01-23,318.82238186548057,85.0,111902.08471096704,-0.028350186260821753
2024-01-24,318.82238186548057,85.0,113187.0871523733,0.011483275264489334
2024-01-25,318.82238186548057,85.0,113959.7757510061,0.006826649736048296
2024-01-29,318.82238186548057,85.0,121936.45299709986,0.0699955505662122
2024-01-30,318.82238186548057,85.0,118541.26745022486,-0.02784389297395551
2024-01-31,318.82238186548057,85.0,120137.03038967798,0.013461665914135557
2024-02-01,318.82238186548057,85.0,120139.1263369436,1.744630493050181e-05
2024-02-02,318.82238186548057,85.0,122746.92052639673,0.021706452085719974
2024-02-05,318.82238186548057,85.0,121178.4671572561,-0.01277794475343541
2024-02-06,318.82238186548057,85.0,120235.71630276392,-0.007779854594700875
2024-02-07,318.82238186548057,85.0,121440.9378603811,0.010023823159021505
2024-02-08,318.82238186548057,85.0,122110.7278994436,0.005515356278230854
2024-02-09,318.82238186548057,85.0,123003.0930117483,0.00730783550024805
2024-02-12,318.82238186548057,85.0,122297.59923733423,-0.00573557751386522
2024-02-13,318.82238186548057,85.0,123368.43114651392,0.008755952004434686
2024-02-14,318.82238186548057,85.0,124735.33117092798,0.011079820110468264
2024-02-15,318.82238186548057,85.0,123830.35924709986,-0.007255137059667738
2024-02-16,318.82238186548057,85.0,122988.37987698267,-0.00679945834960427
2024-02-19,318.82238186548057,85.0,124115.91649807642,0.009167830507414987
2024-02-20,318.82238186548057,85.0,123866.06298245142,-0.0020130658716029926
2024-02-21,318.82238186548057,85.0,123586.8039492483,-0.00225452417295835
2024-02-22,318.82238186548057,85.0,124766.82225979517,0.009548093104110533
2024-02-23,318.82238186548057,85.0,125764.17150295923,0.007993705578934529
2024-02-26,318.82238186548057,85.0,125235.03820217798,-0.004207345338960833
2024-02-27,318.82238186548057,85.0,125094.37108792017,-0.0011232249079584644
2024-02-28,318.82238186548057,85.0,122572.64562405298,-0.0201585846104525
2024-02-29,318.82238186548057,85.0,123007.2952822561,0.0035460575725538845
2024-03-01,318.82238186548057,85.0,125638.18639553736,0.021388090090464384
2024-03-04,318.82238186548057,85.0,126921.09288967798,0.010211119174402539
2024-03-05,318.82238186548057,85.0,126316.38097561548,-0.004764471375834467
2024-03-06,318.82238186548057,85.0,126551.55248440454,0.0018617657264456966
2024-03-07,318.82238186548057,85.0,124529.56517971704,-0.015977578030397344
2024-03-11,318.82238186548057,85.0,123494.40587795923,-0.008312558549962823
2024-03-12,318.82238186548057,85.0,124235.60338772486,0.0060018711333216235
2024-03-13,318.82238186548057,85.0,120603.16076077173,-0.029238338510875095
2024-03-14,318.82238186548057,85.0,120544.3704775686,-0.00048746884270922664
2024-03-15,318.82238186548057,85.0,119431.53661526392,-0.009231736479239139
2024-03-18,318.82238186548057,85.0,121216.25646389673,0.014943455465888267
2024-03-19,318.82238186548057,85.0,120021.54577053736,-0.009856026973702248
2024-03-20,318.82238186548057,85.0,121575.30675686548,0.01294568384662087
2024-03-21,318.82238186548057,85.0,122182.1146181936,0.004991209790172757
2024-03-22,318.82238186548057,85.0,122522.27025784204,0.0027840051771192975
2024-03-26,318.82238186548057,85.0,121392.6273135061,-0.009219898896410061
2024-03-27,318.82238186548057,85.0,125699.08300198267,0.035475430294088506
2024-03-28,318.82238186548057,85.0,125111.16979397486,-0.004677147947042215
2024-04-01,318.82238186548057,85.0,125020.88842190454,-0.0007216092073871749
2024-04-02,318.82238186548057,85.0,125203.5471133108,0.0014610253831330855
2024-04-03,318.82238186548057,85.0,123914.3527773733,-0.01029678763630204
2024-04-04,318.82238186548057,85.0,123185.7620791311,-0.0058797926302467385
2024-04-05,318.82238186548057,85.0,122948.49462307642,-0.0019260948022732371
2024-04-08,318.82238186548057,85.0,125121.65990627954,0.017675411885809567
2024-04-09,123062.328395039,0.0,123062.328395039,-0.016458633243701004
2024-04-10,123062.328395039,0.0,123062.328395039,0.0
2024-04-12,123062.328395039,0.0,123062.328395039,0.0
2024-04-15,123062.328395039,0.0,123062.328395039,0.0
2024-04-16,123062.328395039,0.0,123062.328395039,0.0
2024-04-18,123062.328395039,0.0,123062.328395039,0.0
2024-04-19,860.184604994327,84.0,122879.23880421308,-0.0014877793489994628
2024-04-22,860.184604994327,84.0,123686.38528858808,0.006568615595520244
2024-04-23,860.184604994327,84.0,121982.83206593183,-0.013773166858110364
2024-04-24,860.184604994327,84.0,121223.38675343183,-0.00622583768254803
2024-04-25,860.184604994327,84.0,122036.78812061933,0.006709937652888298
2024-04-26,860.184604994327,84.0,121420.52835499433,-0.005049786831622383
2024-04-29,860.184604994327,84.0,122455.92679249433,0.008527375490187561
2024-04-30,860.184604994327,84.0,122619.85599171308,0.001338679176358104
2024-05-02,122399.98863632367,0.0,122399.98863632367,-0.001793081174424671
2024-05-03,122399.98863632367,0.0,122399.98863632367,0.0
2024-05-06,122399.98863632367,0.0,122399.98863632367,0.0
2024-05-07,122399.98863632367,0.0,122399.98863632367,0.0
2024-05-08,122399.98863632367,0.0,122399.98863632367,0.0
2024-05-09,122399.98863632367,0.0,122399.98863632367,0.0
2024-05-10,122399.98863632367,0.0,122399.98863632367,0.0
2024-05-13,122399.98863632367,0.0,122399.98863632367,0.0
2024-05-14,122399.98863632367,0.0,122399.98863632367,0.0
2024-05-15,122399.98863632367,0.0,122399.98863632367,0.0
2024-05-16,122399.98863632367,0.0,122399.98863632367,0.0
2024-05-17,122399.98863632367,0.0,122399.98863632367,0.0
2024-05-21,122399.98863632367,0.0,122399.98863632367,0.0
2024-05-22,122399.98863632367,0.0,122399.98863632367,0.0
2024-05-23,122399.98863632367,0.0,122399.98863632367,0.0
2024-05-24,122399.98863632367,0.0,122399.98863632367,0.0
2024-05-27,122399.98863632367,0.0,122399.98863632367,0.0
2024-05-28,122399.98863632367,0.0,122399.98863632367,0.0
2024-05-29,122399.98863632367,0.0,122399.98863632367,0.0
2024-05-30,122399.98863632367,0.0,122399.98863632367,0.0
2024-05-31,122399.98863632367,0.0,122399.98863632367,0.0
2024-06-03,122399.98863632367,0.0,122399.98863632367,0.0
2024-06-04,122399.98863632367,0.0,122399.98863632367,0.0
2024-06-05,122399.98863632367,0.0,122399.98863632367,0.0
2024-06-06,122399.98863632367,0.0,122399.98863632367,0.0
2024-06-07,122399.98863632367,0.0,122399.98863632367,0.0
2024-06-10,122399.98863632367,0.0,122399.98863632367,0.0
2024-06-11,122399.98863632367,0.0,122399.98863632367,0.0
2024-06-12,122399.98863632367,0.0,122399.98863632367,0.0
2024-06-13,603.0813872167491,84.0,122217.50619190425,-0.0014908697823626804
2024-06-14,603.0813872167491,84.0,123238.3953520605,0.008353051800560118
2024-06-18,603.0813872167491,84.0,123526.8172270605,0.0023403572740139378
2024-06-19,603.0813872167491,84.0,121669.7117583105,-0.015034026703176218
2024-06-20,603.0813872167491,84.0,122918.8426176855,0.010266572027854526
2024-06-21,603.0813872167491,84.0,121300.35580127925,-0.013167117277863016
2024-06-24,603.0813872167491,84.0,120244.193203623,-0.008707003295081117
2024-06-25,603.0813872167491,84.0,121296.21322315425,0.00874902971613567
2024-06-26,603.0813872167491,84.0,126265.779141123,0.040970495169754484
2024-06-27,603.0813872167491,84.0,127637.341641123,0.010862503754616393
2024-06-28,603.0813872167491,84.0,130529.8660551855,0.02266205466888671
2024-07-01,603.0813872167491,84.0,130094.1160551855,-0.003338316457137669
2024-07-02,603.0813872167491,84.0,130511.19369190425,0.0032059684893190887
2024-07-03,603.0813872167491,84.0,129452.94955127925,-0.008108454996765824
2024-07-04,603.0813872167491,84.0,129585.747891123,0.0010258425188771625
2024-07-05,603.0813872167491,84.0,132457.5183989355,0.02216116011635272
2024-07-08,603.0813872167491,84.0,133476.33627002925,0.007691657547329811
2024-07-09,603.0813872167491,84.0,132594.45931690425,-0.006606991005064122
2024-07-10,603.0813872167491,84.0,132092.3152739355,-0.0037870665603652043
2024-07-11,603.0813872167491,84.0,131795.59798877925,-0.0022462872616088037
2024-07-12,603.0813872167491,84.0,133129.81576221675,0.010123386469638396
2024-07-15,603.0813872167491,84.0,133171.3133208105,0.00031170747406328303
2024-07-16,603.0813872167491,84.0,131430.4051176855,-0.013072696812196694
2024-07-18,603.0813872167491,84.0,132295.6707426855,0.006583450946721303
2024-07-19,603.0813872167491,84.0,129679.13021534175,-0.01977797544435833
2024-07-22,603.0813872167491,84.0,125157.75228565425,-0.03486588722625927
2024-07-23,603.0813872167491,84.0,124097.43685596675,-0.00847183183082012
2024-07-24,603.0813872167491,84.0,124744.82748096675,0.005216792879867427
2024-07-25,603.0813872167491,84.0,124470.92513721675,-0.002195701010463069
2024-07-26,603.0813872167491,84.0,125850.79330127925,0.011085867342444322
2024-07-29,603.0813872167491,84.0,126770.0047270605,0.00730397800179694
2024-07-30,603.0813872167491,84.0,126193.1609770605,-0.00455031733446698
2024-07-31,603.0813872167491,84.0,125551.984219248,-0.005080915263934616
2024-08-01,603.0813872167491,84.0,126371.60970752925,0.0065281763038484986
2024-08-02,603.0813872167491,84.0,125045.687344248,-0.010492248744397026
2024-08-05,603.0813872167491,84.0,120729.736172373,-0.03451499418763071
2024-08-06,603.0813872167491,84.0,121453.91830127925,0.005998374152597297
2024-08-07,603.0813872167491,84.0,122182.222500498,0.005996547574629307
2024-08-08,603.0813872167491,84.0,120879.14584034175,-0.010665026658448151
2024-08-09,603.0813872167491,84.0,122968.656094248,0.017285944894631422
2024-08-12,603.0813872167491,84.0,121833.64095752925,-0.009230117436176855
2024-08-13,121900.47797001191,0.0,121900.47797001191,0.0005485924245336449
2024-08-14,121900.47797001191,0.0,121900.47797001191,0.0
2024-08-16,121900.47797001191,0.0,121900.47797001191,0.0
2024-08-19,121900.47797001191,0.0,121900.47797001191,0.0
2024-08-20,121900.47797001191,0.0,121900.47797001191,0.0
2024-08-21,121900.47797001191,0.0,121900.47797001191,0.0
2024-08-22,121900.47797001191,0.0,121900.47797001191,0.0
2024-08-23,121900.47797001191,0.0,121900.47797001191,0.0
2024-08-26,121900.47797001191,0.0,121900.47797001191,0.0
2024-08-27,121900.47797001191,0.0,121900.47797001191,0.0
2024-08-28,121900.47797001191,0.0,121900.47797001191,0.0
2024-08-29,121900.47797001191,0.0,121900.47797001191,0.0
2024-08-30,121900.47797001191,0.0,121900.47797001191,0.0
2024-09-02,121900.47797001191,0.0,121900.47797001191,0.0
2024-09-03,121900.47797001191,0.0,121900.47797001191,0.0
2024-09-04,121900.47797001191,0.0,121900.47797001191,0.0
2024-09-05,121900.47797001191,0.0,121900.47797001191,0.0
2024-09-06,121900.47797001191,0.0,121900.47797001191,0.0
2024-09-09,121900.47797001191,0.0,121900.47797001191,0.0
2024-09-10,121900.47797001191,0.0,121900.47797001191,0.0
2024-09-11,121900.47797001191,0.0,121900.47797001191,0.0
2024-09-12,121900.47797001191,0.0,121900.47797001191,0.0
2024-09-13,121900.47797001191,0.0,121900.47797001191,0.0
2024-09-16,121900.47797001191,0.0,121900.47797001191,0.0
2024-09-17,121900.47797001191,0.0,121900.47797001191,0.0
2024-09-18,121900.47797001191,0.0,121900.47797001191,0.0
2024-09-19,121900.47797001191,0.0,121900.47797001191,0.0
2024-09-20,121900.47797001191,0.0,121900.47797001191,0.0
2024-09-23,121900.47797001191,0.0,121900.47797001191,0.0
2024-09-24,121900.47797001191,0.0,121900.47797001191,0.0
2024-09-25,121900.47797001191,0.0,121900.47797001191,0.0
2024-09-26,121900.47797001191,0.0,121900.47797001191,0.0
2024-09-27,121900.47797001191,0.0,121900.47797001191,0.0
2024-09-30,121900.47797001191,0.0,121900.47797001191,0.0
2024-10-01,121900.47797001191,0.0,121900.47797001191,0.0
2024-10-03,121900.47797001191,0.0,121900.47797001191,0.0
2024-10-04,121900.47797001191,0.0,121900.47797001191,0.0
2024-10-07,121900.47797001191,0.0,121900.47797001191,0.0
2024-10-08,121900.47797001191,0.0,121900.47797001191,0.0
2024-10-09,121900.47797001191,0.0,121900.47797001191,0.0
2024-10-10,121900.47797001191,0.0,121900.47797001191,0.0
2024-10-11,121900.47797001191,0.0,121900.47797001191,0.0
2024-10-14,121900.47797001191,0.0,121900.47797001191,0.0
2024-10-15,121900.47797001191,0.0,121900.47797001191,0.0
2024-10-16,121900.47797001191,0.0,121900.47797001191,0.0
2024-10-17,121900.47797001191,0.0,121900.47797001191,0.0
2024-10-18,121900.47797001191,0.0,121900.47797001191,0.0
2024-10-21,121900.47797001191,0.0,121900.47797001191,0.0
2024-10-22,121900.47797001191,0.0,121900.47797001191,0.0
2024-10-23,121900.47797001191,0.0,121900.47797001191,0.0
2024-10-24,121900.47797001191,0.0,121900.47797001191,0.0
2024-10-25,121900.47797001191,0.0,121900.47797001191,0.0
2024-10-28,121900.47797001191,0.0,121900.47797001191,0.0
2024-10-29,121900.47797001191,0.0,121900.47797001191,0.0
2024-10-30,121900.47797001191,0.0,121900.47797001191,0.0
2024-10-31,121900.47797001191,0.0,121900.47797001191,0.0
2024-11-01,121900.47797001191,0.0,121900.47797001191,0.0
2024-11-04,121900.47797001191,0.0,121900.47797001191,0.0
2024-11-05,121900.47797001191,0.0,121900.47797001191,0.0
2024-11-06,121900.47797001191,0.0,121900.47797001191,0.0
2024-11-07,121900.47797001191,0.0,121900.47797001191,0.0
2024-11-08,121900.47797001191,0.0,121900.47797001191,0.0
2024-11-11,121900.47797001191,0.0,121900.47797001191,0.0
2024-11-12,121900.47797001191,0.0,121900.47797001191,0.0
2024-11-13,121900.47797001191,0.0,121900.47797001191,0.0
2024-11-14,121900.47797001191,0.0,121900.47797001191,0.0
2024-11-18,121900.47797001191,0.0,121900.47797001191,0.0
2024-11-19,121900.47797001191,0.0,121900.47797001191,0.0
2024-11-21,121900.47797001191,0.0,121900.47797001191,0.0
2024-11-22,121900.47797001191,0.0,121900.47797001191,0.0
2024-11-25,121900.47797001191,0.0,121900.47797001191,0.0
2024-11-26,121900.47797001191,0.0,121900.47797001191,0.0
2024-11-27,121900.47797001191,0.0,121900.47797001191,0.0
2024-11-28,121900.47797001191,0.0,121900.47797001191,0.0
2024-11-29,121900.47797001191,0.0,121900.47797001191,0.0
2024-12-02,121900.47797001191,0.0,121900.47797001191,0.0
2024-12-03,121900.47797001191,0.0,121900.47797001191,0.0
2024-12-04,121900.47797001191,0.0,121900.47797001191,0.0
2024-12-05,121900.47797001191,0.0,121900.47797001191,0.0
2024-12-06,121900.47797001191,0.0,121900.47797001191,0.0
2024-12-09,121900.47797001191,0.0,121900.47797001191,0.0
2024-12-10,121900.47797001191,0.0,121900.47797001191,0.0
2024-12-11,121900.47797001191,0.0,121900.47797001191,0.0
2024-12-12,121900.47797001191,0.0,121900.47797001191,0.0
2024-12-13,121900.47797001191,0.0,121900.47797001191,0.0
2024-12-16,121900.47797001191,0.0,121900.47797001191,0.0
2024-12-17,121900.47797001191,0.0,121900.47797001191,0.0
2024-12-18,121900.47797001191,0.0,121900.47797001191,0.0
2024-12-19,121900.47797001191,0.0,121900.47797001191,0.0
2024-12-20,121900.47797001191,0.0,121900.47797001191,0.0
2024-12-23,121900.47797001191,0.0,121900.47797001191,0.0
2024-12-24,121900.47797001191,0.0,121900.47797001191,0.0
2024-12-26,121900.47797001191,0.0,121900.47797001191,0.0
2024-12-27,121900.47797001191,0.0,121900.47797001191,0.0
2024-12-30,121900.47797001191,0.0,121900.47797001191,0.0
2024-12-31,121900.47797001191,0.0,121900.47797001191,0.0
